node,generation,is_leaf
0,41.991028854599406,1
1,41.991028854599406,1
2,41.991028854599406,1
3,41.991028854599406,1
4,41.991028854599406,1
5,0,0
6,12.654881465070837,0
7,33.71933495755377,0
8,7.521232313848607,0
