node,generation,is_leaf
0,17.52701853430554,1
1,17.52701853430554,1
2,17.52701853430554,1
3,17.52701853430554,1
4,17.52701853430554,1
5,17.52701853430554,1
6,0,0
7,15.383596496704367,0
8,5.930179586427862,0
9,15.144101295971797,0
10,11.821693078865355,0
