node,generation,is_leaf
0,41.91435283437617,1
1,41.91435283437617,1
2,41.91435283437617,1
3,41.91435283437617,1
4,0,0
5,8.25243031324677,0
6,3.810054953436314,0
