node,generation,is_leaf
0,16.984881605061016,1
1,16.984881605061016,1
2,16.984881605061016,1
3,16.984881605061016,1
4,16.984881605061016,1
5,0,0
6,8.375983216812605,0
7,9.747670313861923,0
8,12.159053609503928,0
