node,generation,is_leaf
0,2.2545309634751933,1
1,2.2545309634751933,1
2,0,0
