node,generation,is_leaf
0,45.24876032994034,1
1,45.24876032994034,1
2,45.24876032994034,1
3,45.24876032994034,1
4,0,0
5,38.35847915835791,0
6,21.970836562883417,0
