node,generation,is_leaf
0,27.204973040086305,1
1,27.204973040086305,1
2,27.204973040086305,1
3,27.2049730400863,1
4,27.2049730400863,1
5,27.204973040086305,1
6,27.204973040086305,1
7,27.204973040086305,1
8,27.204973040086305,1
9,0,0
10,7.715471267609352,0
11,8.879057333796244,0
12,24.094710134010263,0
13,5.518348898383984,0
14,18.823555621746394,0
15,11.213904295855135,0
16,13.286807542677844,0
