node,generation,is_leaf
0,24.650964118524513,1
1,24.650964118524513,1
2,24.650964118524513,1
3,24.650964118524513,1
4,24.650964118524513,1
5,24.650964118524513,1
6,24.650964118524513,1
7,24.650964118524513,1
8,24.650964118524513,1
9,24.650964118524513,1
10,0,0
11,5.387706419749954,0
12,21.764016879995207,0
13,6.118367161097268,0
14,3.7566244379535263,0
15,13.041501550748388,0
16,9.002839174553207,0
17,16.20376740202417,0
18,19.585610483862048,0
