node,generation,is_leaf
0,31.246083439005417,1
1,31.246083439005417,1
2,31.246083439005417,1
3,0,0
4,13.979847674998652,0
