node,generation,is_leaf
0,54.04055654672385,1
1,54.04055654672385,1
2,54.04055654672385,1
3,54.04055654672385,1
4,54.04055654672385,1
5,54.04055654672385,1
6,54.04055654672385,1
7,54.04055654672385,1
8,54.04055654672385,1
9,54.04055654672385,1
10,54.04055654672385,1
11,0,0
12,9.017226634843993,0
13,20.000602591209756,0
14,45.553870192213154,0
15,18.81687662830997,0
16,6.4541221307639844,0
17,16.712713157755516,0
18,37.823927950243345,0
19,11.368490278029924,0
20,22.631229646429492,0
